{
  "experiment": "Exp12 -- EfficientNet B0 vs B2 + PCA + Symbolic Heads",
  "mel_idx": 5,
  "b2_available": false,
  "best_b2_pca": null,
  "conclusions": {
    "A_pca_unlocks_b2": false,
    "D_best_overall": "B0+MLP",
    "E_mel_threshold_achievable": true,
    "F_b2_beats_b0": false,
    "G_geometry_bottleneck": false
  },
  "models": {
    "B0+MLP": {
      "default": {
        "acc": 0.7456724367509987,
        "f1m": 0.7124458448846297,
        "f1w": 0.7681229428781079,
        "auc": 0.9487638857486365,
        "ece": 0.03964099645138423,
        "brier": 0.04826577769558923,
        "mel_rec": 0.7535211267605634,
        "per_rec": [
          0.6896551724137931,
          0.9113924050632911,
          0.7421052631578947,
          0.6153846153846154,
          0.7328629032258065,
          0.7535211267605634,
          0.8928571428571429
        ]
      },
      "mel_tuned": {
        "acc": 0.6897470039946738,
        "f1m": 0.6948978843615673,
        "f1w": 0.724089448781693,
        "auc": 0.9487638857486365,
        "ece": 0.03964099645138423,
        "brier": 0.04826577769558923,
        "mel_rec": 0.795774647887324,
        "per_rec": [
          0.6896551724137931,
          0.9113924050632911,
          0.7210526315789474,
          0.6153846153846154,
          0.6461693548387096,
          0.795774647887324,
          0.8928571428571429
        ]
      },
      "T": 1.3272780179977417,
      "t_mel": 0.3020727336406708,
      "backbone": "B0",
      "head": "MLP"
    },
    "B0+CBM": {
      "default": {
        "acc": 0.7416777629826897,
        "f1m": 0.6948561222049886,
        "f1w": 0.7658800809098164,
        "auc": 0.9249272822986362,
        "ece": 0.10086021894780045,
        "brier": 0.05575565395943718,
        "mel_rec": 0.8169014084507042,
        "per_rec": [
          0.6724137931034483,
          0.8987341772151899,
          0.6736842105263158,
          0.6153846153846154,
          0.7328629032258065,
          0.8169014084507042,
          0.8928571428571429
        ]
      },
      "mel_tuned": {
        "acc": 0.6884154460719041,
        "f1m": 0.6773544115426872,
        "f1w": 0.723468613155107,
        "auc": 0.9249272822986362,
        "ece": 0.10086021894780045,
        "brier": 0.05575565395943718,
        "mel_rec": 0.8380281690140845,
        "per_rec": [
          0.6724137931034483,
          0.8987341772151899,
          0.6631578947368421,
          0.6153846153846154,
          0.6512096774193549,
          0.8380281690140845,
          0.8928571428571429
        ]
      },
      "T": 0.5474177598953247,
      "t_mel": 0.2591562867164612,
      "backbone": "B0",
      "head": "CBM"
    },
    "B0+ProtoPNet": {
      "default": {
        "acc": 0.7616511318242344,
        "f1m": 0.7095224234846073,
        "f1w": 0.7782978878695035,
        "auc": 0.9371185171214563,
        "ece": 0.03725256057537985,
        "brier": 0.047921366065193274,
        "mel_rec": 0.6830985915492958,
        "per_rec": [
          0.6551724137931034,
          0.8987341772151899,
          0.6631578947368421,
          0.6153846153846154,
          0.7842741935483871,
          0.6830985915492958,
          0.9285714285714286
        ]
      },
      "mel_tuned": {
        "acc": 0.6804260985352862,
        "f1m": 0.6840676261799972,
        "f1w": 0.7171743358775711,
        "auc": 0.9371185171214563,
        "ece": 0.03725256057537985,
        "brier": 0.047921366065193274,
        "mel_rec": 0.8028169014084507,
        "per_rec": [
          0.6551724137931034,
          0.8860759493670886,
          0.5894736842105263,
          0.6153846153846154,
          0.6602822580645161,
          0.8028169014084507,
          0.8928571428571429
        ]
      },
      "T": 1.0143965482711792,
      "t_mel": 0.2063504457473755,
      "backbone": "B0",
      "head": "ProtoPNet"
    }
  },
  "pca_study": [
    {
      "backbone": "B0",
      "k": 128,
      "whiten": false,
      "label": "B0+PCA-128",
      "f1_lr": 0.7119078593963238,
      "f1_knn": 0.7129176561894612,
      "sep": 1.3237078189849854,
      "sil": 0.11556503176689148
    }
  ]
}