model,status,threshold,mel_prec,mel_rec,f1m,f1m_delta
B0+MLP,FEASIBLE,0.2993877551020408,0.795774647887324,0.40867992766726946,0.6942611836270396,-0.018184661257590107
B0+CBM,FEASIBLE,0.2418367346938775,0.8380281690140845,0.4103448275862069,0.6748749698562738,-0.01998115234871478
B0+ProtoPNet,FEASIBLE,0.20346938775510204,0.8028169014084507,0.397212543554007,0.6836613132973494,-0.025861110187257896
